date,ticker,gap,prev_close,open,strategy,status,entry,stop,target,pl,time,vwap,support,resistance
2025-08-28,VSCO,12.76,22.18,25.01,1m Flat-Top,✅,24.50,24.50,,,16:12,,,
2025-08-28,VSCO,12.76,22.18,25.01,1m Flat-Bottom,✅,24.50,25.01,,,16:34,,,
2025-08-28,VSCO,12.76,22.18,25.01,5m Flat-Top,✅,24.50,24.50,,,16:10,,,
2025-08-28,VSCO,12.76,22.18,25.01,5m Flat-Bottom,✅,24.50,25.00,,,16:30,,,
2025-08-28,VSCO,12.76,22.18,25.01,1m BullFlag,✅,25.01,24.70,25.52,+0.51,16:34,,,
2025-08-28,VSCO,12.76,22.18,25.01,5m BullFlag,✅,22.63,21.94,22.87,+0.24,22:20,,,
2025-08-28,VSCO,12.76,22.18,25.01,1m FirstPullback,❌,,,,,,,,
2025-08-28,VSCO,12.76,22.18,25.01,5m FirstPullback,❌,,,,,,,,
2025-08-28,VSCO,12.76,22.18,25.01,1m ABCD,✅,25.01,24.70,25.52,+0.51,16:34,,,
2025-08-28,VSCO,12.76,22.18,25.01,5m ABCD,❌,,,,,,,,
2025-08-28,URBN,10.76,70.27,77.83,1m Flat-Top,❌,,,,,,,,
2025-08-28,URBN,10.76,70.27,77.83,1m Flat-Bottom,✅,72.42,72.58,,,17:46,,,
2025-08-28,URBN,10.76,70.27,77.83,5m Flat-Top,❌,,,,,,,,
2025-08-28,URBN,10.76,70.27,77.83,5m Flat-Bottom,✅,72.42,72.61,,,17:45,,,
2025-08-28,URBN,10.76,70.27,77.83,1m BullFlag,✅,73.44,73.08,74.43,+0.99,17:19,,,
2025-08-28,URBN,10.76,70.27,77.83,5m BullFlag,❌,,,,,,,,
2025-08-28,URBN,10.76,70.27,77.83,1m FirstPullback,❌,,,,,,,,
2025-08-28,URBN,10.76,70.27,77.83,5m FirstPullback,❌,,,,,,,,
2025-08-28,URBN,10.76,70.27,77.83,1m ABCD,✅,73.44,73.08,74.43,+0.99,17:19,,,
2025-08-28,URBN,10.76,70.27,77.83,5m ABCD,❌,,,,,,,,
2025-08-27,MODV,23.26,0.43,0.53,1m Flat-Top,✅,0.57,0.57,,,12:54,,,
2025-08-27,MODV,23.26,0.43,0.53,1m Flat-Bottom,✅,0.57,0.57,,,14:15,,,
2025-08-27,MODV,23.26,0.43,0.53,5m Flat-Top,✅,0.57,0.57,,,12:50,,,
2025-08-27,MODV,23.26,0.43,0.53,5m Flat-Bottom,✅,0.57,0.60,,,14:15,,,
2025-08-27,MODV,23.26,0.43,0.53,1m BullFlag,❌,,,,,,,,
2025-08-27,MODV,23.26,0.43,0.53,5m BullFlag,❌,,,,,,,,
2025-08-27,MODV,23.26,0.43,0.53,1m FirstPullback,❌,,,,,,,,
2025-08-27,MODV,23.26,0.43,0.53,5m FirstPullback,❌,,,,,,,,
2025-08-27,MODV,23.26,0.43,0.53,1m ABCD,❌,,,,,,,,
2025-08-27,MODV,23.26,0.43,0.53,5m ABCD,❌,,,,,,,,
2025-08-27,OKEY,13.76,30.95,35.21,Gap&Go,❌,,,,,,,,
2025-08-27,OKEY,13.76,30.95,35.21,1m Flat-Top,✅,30.33,30.33,,,09:59,,,
2025-08-27,OKEY,13.76,30.95,35.21,1m Flat-Bottom,❌,,,,,,,,
2025-08-27,OKEY,13.76,30.95,35.21,5m Flat-Top,✅,30.33,30.33,,,09:55,,,
2025-08-27,OKEY,13.76,30.95,35.21,5m Flat-Bottom,❌,,,,,,,,
2025-08-27,OKEY,13.76,30.95,35.21,1m BullFlag,✅,31.86,31.81,32.04,+0.18,11:33,,,
2025-08-27,OKEY,13.76,30.95,35.21,5m BullFlag,✅,31.98,31.92,32.34,+0.36,15:40,,,
2025-08-27,OKEY,13.76,30.95,35.21,1m FirstPullback,❌,,,,,,,,
2025-08-27,OKEY,13.76,30.95,35.21,5m FirstPullback,❌,,,,,,,,
2025-08-27,OKEY,13.76,30.95,35.21,1m ABCD,✅,31.86,31.81,32.04,+0.18,11:33,,,
2025-08-27,OKEY,13.76,30.95,35.21,5m ABCD,❌,,,,,,,,
2025-08-27,6098,12.80,6.56,7.40,Gap&Go,✅,6.62,6.62,,,10:04,,,
2025-08-27,6098,12.80,6.56,7.40,1m Flat-Top,❌,,,,,,,,
2025-08-27,6098,12.80,6.56,7.40,1m Flat-Bottom,✅,7.30,7.32,,,04:35,,,
2025-08-27,6098,12.80,6.56,7.40,5m Flat-Top,❌,,,,,,,,
2025-08-27,6098,12.80,6.56,7.40,5m Flat-Bottom,✅,7.28,7.30,,,04:45,,,
2025-08-27,6098,12.80,6.56,7.40,1m BullFlag,✅,7.24,7.18,7.30,+0.06,06:15,,,
2025-08-27,6098,12.80,6.56,7.40,5m BullFlag,❌,,,,,,,,
2025-08-27,6098,12.80,6.56,7.40,1m FirstPullback,❌,,,,,,,,
2025-08-27,6098,12.80,6.56,7.40,5m FirstPullback,❌,,,,,,,,
2025-08-27,6098,12.80,6.56,7.40,1m ABCD,❌,,,,,,,,
2025-08-27,6098,12.80,6.56,7.40,5m ABCD,❌,,,,,,,,
2025-08-27,LNZL,11.76,7400.00,8270.00,Gap&Go,✅,7630.00,7630.00,,,10:03,,,
2025-08-27,LNZL,11.76,7400.00,8270.00,1m Flat-Top,❌,,,,,,,,
2025-08-27,LNZL,11.76,7400.00,8270.00,1m Flat-Bottom,❌,,,,,,,,
2025-08-27,LNZL,11.76,7400.00,8270.00,5m Flat-Top,❌,,,,,,,,
2025-08-27,LNZL,11.76,7400.00,8270.00,5m Flat-Bottom,❌,,,,,,,,
2025-08-27,LNZL,11.76,7400.00,8270.00,1m BullFlag,✅,7680.00,7300.00,7860.00,+180.00,09:49,,,
2025-08-27,LNZL,11.76,7400.00,8270.00,5m BullFlag,✅,7600.00,7550.00,7810.00,+210.00,09:25,,,
2025-08-27,LNZL,11.76,7400.00,8270.00,1m FirstPullback,❌,,,,,,,,
2025-08-27,LNZL,11.76,7400.00,8270.00,5m FirstPullback,❌,,,,,,,,
2025-08-27,LNZL,11.76,7400.00,8270.00,1m ABCD,✅,7440.00,7390.00,7580.00,+140.00,08:08,,,
2025-08-27,LNZL,11.76,7400.00,8270.00,5m ABCD,✅,7600.00,7550.00,7810.00,+210.00,09:25,,,
2025-08-26,MODV,10.53,0.57,0.63,1m Flat-Top,✅,0.63,0.62,,,15:31,,,
2025-08-26,MODV,10.53,0.57,0.63,1m Flat-Bottom,✅,0.63,0.63,,,12:41,,,
2025-08-26,MODV,10.53,0.57,0.63,5m Flat-Top,✅,0.63,0.62,,,15:30,,,
2025-08-26,MODV,10.53,0.57,0.63,5m Flat-Bottom,✅,0.63,0.63,,,12:40,,,
2025-08-26,MODV,10.53,0.57,0.63,1m BullFlag,❌,,,,,,,,
2025-08-26,MODV,10.53,0.57,0.63,5m BullFlag,❌,,,,,,,,
2025-08-26,MODV,10.53,0.57,0.63,1m FirstPullback,❌,,,,,,,,
2025-08-26,MODV,10.53,0.57,0.63,5m FirstPullback,❌,,,,,,,,
2025-08-26,MODV,10.53,0.57,0.63,1m ABCD,❌,,,,,,,,
2025-08-26,MODV,10.53,0.57,0.63,5m ABCD,❌,,,,,,,,
2025-08-25,ACMR,9.98,28.96,31.85,1m Flat-Top,❌,,,,,,,,
2025-08-25,ACMR,9.98,28.96,31.85,1m Flat-Bottom,✅,30.02,30.09,,,17:39,,,
2025-08-25,ACMR,9.98,28.96,31.85,5m Flat-Top,❌,,,,,,,,
2025-08-25,ACMR,9.98,28.96,31.85,5m Flat-Bottom,✅,29.32,29.43,,,19:20,,,
2025-08-25,ACMR,9.98,28.96,31.85,1m BullFlag,✅,29.50,29.09,29.68,+0.18,19:44,,,
2025-08-25,ACMR,9.98,28.96,31.85,5m BullFlag,❌,,,,,,,,
2025-08-25,ACMR,9.98,28.96,31.85,1m FirstPullback,❌,,,,,,,,
2025-08-25,ACMR,9.98,28.96,31.85,5m FirstPullback,❌,,,,,,,,
2025-08-25,ACMR,9.98,28.96,31.85,1m ABCD,❌,,,,,,,,
2025-08-25,ACMR,9.98,28.96,31.85,5m ABCD,❌,,,,,,,,
2025-08-24,GCHE,2.61,3684.00,3780.00,Gap&Go,✅,3780.00,3780.00,,,10:02,,,
2025-08-24,GCHE,2.61,3684.00,3780.00,1m Flat-Top,❌,,,,,,,,
2025-08-24,GCHE,2.61,3684.00,3780.00,1m Flat-Bottom,✅,3760.00,3765.00,,,11:05,,,
2025-08-24,GCHE,2.61,3684.00,3780.00,5m Flat-Top,❌,,,,,,,,
2025-08-24,GCHE,2.61,3684.00,3780.00,5m Flat-Bottom,✅,3760.00,3765.00,,,11:05,,,
2025-08-24,GCHE,2.61,3684.00,3780.00,1m BullFlag,❌,,,,,,,,
2025-08-24,GCHE,2.61,3684.00,3780.00,5m BullFlag,❌,,,,,,,,
2025-08-24,GCHE,2.61,3684.00,3780.00,1m FirstPullback,❌,,,,,,,,
2025-08-24,GCHE,2.61,3684.00,3780.00,5m FirstPullback,❌,,,,,,,,
2025-08-24,GCHE,2.61,3684.00,3780.00,1m ABCD,❌,,,,,,,,
2025-08-24,GCHE,2.61,3684.00,3780.00,5m ABCD,❌,,,,,,,,
2025-08-23,ELMT,1.92,0.14,0.14,Gap&Go,❌,,,,,,,,
2025-08-23,ELMT,1.92,0.14,0.14,1m Flat-Top,❌,,,,,,,,
2025-08-23,ELMT,1.92,0.14,0.14,1m Flat-Bottom,❌,,,,,,,,
2025-08-23,ELMT,1.92,0.14,0.14,5m Flat-Top,❌,,,,,,,,
2025-08-23,ELMT,1.92,0.14,0.14,5m Flat-Bottom,❌,,,,,,,,
2025-08-23,ELMT,1.92,0.14,0.14,1m BullFlag,✅,0.14,0.14,0.14,+0.00,15:05,,,
2025-08-23,ELMT,1.92,0.14,0.14,5m BullFlag,✅,0.14,0.14,0.14,+0.00,18:35,,,
2025-08-23,ELMT,1.92,0.14,0.14,1m FirstPullback,❌,,,,,,,,
2025-08-23,ELMT,1.92,0.14,0.14,5m FirstPullback,❌,,,,,,,,
2025-08-23,ELMT,1.92,0.14,0.14,1m ABCD,❌,,,,,,,,
2025-08-23,ELMT,1.92,0.14,0.14,5m ABCD,✅,0.14,0.14,0.14,+0.00,18:35,,,
2025-08-22,KZIZ,15.75,321.00,371.56,1m Flat-Top,❌,,,,,,,,
2025-08-22,KZIZ,15.75,321.00,371.56,1m Flat-Bottom,❌,,,,,,,,
2025-08-22,KZIZ,15.75,321.00,371.56,5m Flat-Top,❌,,,,,,,,
2025-08-22,KZIZ,15.75,321.00,371.56,5m Flat-Bottom,❌,,,,,,,,
2025-08-22,KZIZ,15.75,321.00,371.56,1m BullFlag,❌,,,,,,,,
2025-08-22,KZIZ,15.75,321.00,371.56,5m BullFlag,❌,,,,,,,,
2025-08-22,KZIZ,15.75,321.00,371.56,1m FirstPullback,❌,,,,,,,,
2025-08-22,KZIZ,15.75,321.00,371.56,5m FirstPullback,❌,,,,,,,,
2025-08-22,KZIZ,15.75,321.00,371.56,1m ABCD,❌,,,,,,,,
2025-08-22,KZIZ,15.75,321.00,371.56,5m ABCD,❌,,,,,,,,
2025-08-22,OBNE,12.16,700.04,785.19,Gap&Go,❌,,,,,,,,
2025-08-22,OBNE,12.16,700.04,785.19,1m Flat-Top,❌,,,,,,,,
2025-08-22,OBNE,12.16,700.04,785.19,1m Flat-Bottom,❌,,,,,,,,
2025-08-22,OBNE,12.16,700.04,785.19,5m Flat-Top,❌,,,,,,,,
2025-08-22,OBNE,12.16,700.04,785.19,5m Flat-Bottom,❌,,,,,,,,
2025-08-22,OBNE,12.16,700.04,785.19,1m BullFlag,❌,,,,,,,,
2025-08-22,OBNE,12.16,700.04,785.19,5m BullFlag,❌,,,,,,,,
2025-08-22,OBNE,12.16,700.04,785.19,1m FirstPullback,❌,,,,,,,,
2025-08-22,OBNE,12.16,700.04,785.19,5m FirstPullback,❌,,,,,,,,
2025-08-22,OBNE,12.16,700.04,785.19,1m ABCD,❌,,,,,,,,
2025-08-22,OBNE,12.16,700.04,785.19,5m ABCD,❌,,,,,,,,
2025-08-21,NOMPP,8.69,118.50,128.80,1m Flat-Top,❌,,,,,,,,
2025-08-21,NOMPP,8.69,118.50,128.80,1m Flat-Bottom,✅,127.00,127.99,,,09:23,,,
2025-08-21,NOMPP,8.69,118.50,128.80,5m Flat-Top,❌,,,,,,,,
2025-08-21,NOMPP,8.69,118.50,128.80,5m Flat-Bottom,✅,127.00,127.99,,,09:20,,,
2025-08-21,NOMPP,8.69,118.50,128.80,1m BullFlag,✅,114.93,112.02,134.25,+19.32,12:46,,,
2025-08-21,NOMPP,8.69,118.50,128.80,5m BullFlag,✅,119.00,118.00,128.06,+9.06,13:25,,,
2025-08-21,NOMPP,8.69,118.50,128.80,1m FirstPullback,❌,,,,,,,,
2025-08-21,NOMPP,8.69,118.50,128.80,5m FirstPullback,❌,,,,,,,,
2025-08-21,NOMPP,8.69,118.50,128.80,1m ABCD,❌,,,,,,,,
2025-08-21,NOMPP,8.69,118.50,128.80,5m ABCD,❌,,,,,,,,
2025-08-20,FIXR,20.37,0.97,1.17,Gap&Go,❌,,,,,,,,
2025-08-20,FIXR,20.37,0.97,1.17,1m Flat-Top,❌,,,,,,,,
2025-08-20,FIXR,20.37,0.97,1.17,1m Flat-Bottom,✅,1.03,1.05,,,10:06,,,
2025-08-20,FIXR,20.37,0.97,1.17,5m Flat-Top,❌,,,,,,,,
2025-08-20,FIXR,20.37,0.97,1.17,5m Flat-Bottom,❌,,,,,,,,
2025-08-20,FIXR,20.37,0.97,1.17,1m BullFlag,✅,0.97,0.91,0.98,+0.01,12:26,,,
2025-08-20,FIXR,20.37,0.97,1.17,5m BullFlag,✅,0.97,0.95,1.00,+0.03,15:30,,,
2025-08-20,FIXR,20.37,0.97,1.17,1m FirstPullback,❌,,,,,,,,
2025-08-20,FIXR,20.37,0.97,1.17,5m FirstPullback,❌,,,,,,,,
2025-08-20,FIXR,20.37,0.97,1.17,1m ABCD,✅,0.95,0.93,0.98,+0.03,12:11,,,
2025-08-20,FIXR,20.37,0.97,1.17,5m ABCD,✅,0.97,0.96,0.99,+0.01,17:15,,,
2025-08-20,OABI,10.99,1.82,2.02,1m Flat-Top,❌,,,,,,,,
2025-08-20,OABI,10.99,1.82,2.02,1m Flat-Bottom,✅,2.02,2.02,,,17:36,,,
2025-08-20,OABI,10.99,1.82,2.02,5m Flat-Top,❌,,,,,,,,
2025-08-20,OABI,10.99,1.82,2.02,5m Flat-Bottom,✅,2.02,2.02,,,17:35,,,
2025-08-20,OABI,10.99,1.82,2.02,1m BullFlag,❌,,,,,,,,
2025-08-20,OABI,10.99,1.82,2.02,5m BullFlag,❌,,,,,,,,
2025-08-20,OABI,10.99,1.82,2.02,1m FirstPullback,❌,,,,,,,,
2025-08-20,OABI,10.99,1.82,2.02,5m FirstPullback,❌,,,,,,,,
2025-08-20,OABI,10.99,1.82,2.02,1m ABCD,❌,,,,,,,,
2025-08-20,OABI,10.99,1.82,2.02,5m ABCD,❌,,,,,,,,
2025-08-20,MODV,10.16,1.87,2.06,1m Flat-Top,❌,,,,,,,,
2025-08-20,MODV,10.16,1.87,2.06,1m Flat-Bottom,✅,2.00,2.00,,,17:26,,,
2025-08-20,MODV,10.16,1.87,2.06,5m Flat-Top,❌,,,,,,,,
2025-08-20,MODV,10.16,1.87,2.06,5m Flat-Bottom,✅,2.00,2.00,,,17:25,,,
2025-08-20,MODV,10.16,1.87,2.06,1m BullFlag,❌,,,,,,,,
2025-08-20,MODV,10.16,1.87,2.06,5m BullFlag,❌,,,,,,,,
2025-08-20,MODV,10.16,1.87,2.06,1m FirstPullback,❌,,,,,,,,
2025-08-20,MODV,10.16,1.87,2.06,5m FirstPullback,❌,,,,,,,,
2025-08-20,MODV,10.16,1.87,2.06,1m ABCD,❌,,,,,,,,
2025-08-20,MODV,10.16,1.87,2.06,5m ABCD,❌,,,,,,,,
2025-08-19,UUUU,23.18,8.50,10.47,1m Flat-Top,❌,,,,,,,,
2025-08-19,UUUU,23.18,8.50,10.47,1m Flat-Bottom,✅,10.11,10.15,,,16:37,,,
2025-08-19,UUUU,23.18,8.50,10.47,5m Flat-Top,❌,,,,,,,,
2025-08-19,UUUU,23.18,8.50,10.47,5m Flat-Bottom,❌,,,,,,,,
2025-08-19,UUUU,23.18,8.50,10.47,1m BullFlag,✅,8.52,8.42,8.56,+0.04,18:43,,,
2025-08-19,UUUU,23.18,8.50,10.47,5m BullFlag,✅,8.48,8.35,8.63,+0.15,22:50,,,
2025-08-19,UUUU,23.18,8.50,10.47,1m FirstPullback,❌,,,,,,,,
2025-08-19,UUUU,23.18,8.50,10.47,5m FirstPullback,❌,,,,,,,,
2025-08-19,UUUU,23.18,8.50,10.47,1m ABCD,✅,8.34,8.30,8.52,+0.18,19:45,,,
2025-08-19,UUUU,23.18,8.50,10.47,5m ABCD,❌,,,,,,,,
2025-08-19,ADAP,16.67,0.06,0.07,1m Flat-Top,❌,,,,,,,,
2025-08-19,ADAP,16.67,0.06,0.07,1m Flat-Bottom,✅,0.07,0.07,,,11:10,,,
2025-08-19,ADAP,16.67,0.06,0.07,5m Flat-Top,❌,,,,,,,,
2025-08-19,ADAP,16.67,0.06,0.07,5m Flat-Bottom,❌,,,,,,,,
2025-08-19,ADAP,16.67,0.06,0.07,1m BullFlag,❌,,,,,,,,
2025-08-19,ADAP,16.67,0.06,0.07,5m BullFlag,❌,,,,,,,,
2025-08-19,ADAP,16.67,0.06,0.07,1m FirstPullback,❌,,,,,,,,
2025-08-19,ADAP,16.67,0.06,0.07,5m FirstPullback,❌,,,,,,,,
2025-08-19,ADAP,16.67,0.06,0.07,1m ABCD,❌,,,,,,,,
2025-08-19,ADAP,16.67,0.06,0.07,5m ABCD,❌,,,,,,,,
2025-08-19,KOD,15.31,9.47,10.92,1m Flat-Top,❌,,,,,,,,
2025-08-19,KOD,15.31,9.47,10.92,1m Flat-Bottom,✅,10.72,10.78,,,16:45,,,
2025-08-19,KOD,15.31,9.47,10.92,5m Flat-Top,❌,,,,,,,,
2025-08-19,KOD,15.31,9.47,10.92,5m Flat-Bottom,✅,9.59,9.66,,,19:05,,,
2025-08-19,KOD,15.31,9.47,10.92,1m BullFlag,✅,9.69,9.63,9.79,+0.10,18:36,,,
2025-08-19,KOD,15.31,9.47,10.92,5m BullFlag,❌,,,,,,,,
2025-08-19,KOD,15.31,9.47,10.92,1m FirstPullback,❌,,,,,,,,
2025-08-19,KOD,15.31,9.47,10.92,5m FirstPullback,❌,,,,,,,,
2025-08-19,KOD,15.31,9.47,10.92,1m ABCD,✅,9.69,9.63,9.79,+0.10,18:36,,,
2025-08-19,KOD,15.31,9.47,10.92,5m ABCD,❌,,,,,,,,
2025-08-19,MODV,12.68,2.13,2.40,1m Flat-Top,❌,,,,,,,,
2025-08-19,MODV,12.68,2.13,2.40,1m Flat-Bottom,✅,2.22,2.22,,,18:57,,,
2025-08-19,MODV,12.68,2.13,2.40,5m Flat-Top,❌,,,,,,,,
2025-08-19,MODV,12.68,2.13,2.40,5m Flat-Bottom,✅,2.20,2.20,,,19:45,,,
2025-08-19,MODV,12.68,2.13,2.40,1m BullFlag,❌,,,,,,,,
2025-08-19,MODV,12.68,2.13,2.40,5m BullFlag,❌,,,,,,,,
2025-08-19,MODV,12.68,2.13,2.40,1m FirstPullback,❌,,,,,,,,
2025-08-19,MODV,12.68,2.13,2.40,5m FirstPullback,❌,,,,,,,,
2025-08-19,MODV,12.68,2.13,2.40,1m ABCD,❌,,,,,,,,
2025-08-19,MODV,12.68,2.13,2.40,5m ABCD,❌,,,,,,,,
2025-08-19,QS,11.25,7.91,8.80,1m Flat-Top,✅,8.70,8.70,,,15:45,,,
2025-08-19,QS,11.25,7.91,8.80,1m Flat-Bottom,✅,8.70,8.83,,,16:31,,,
2025-08-19,QS,11.25,7.91,8.80,5m Flat-Top,✅,8.70,8.70,,,15:45,,,
2025-08-19,QS,11.25,7.91,8.80,5m Flat-Bottom,✅,8.70,8.80,,,16:30,,,
2025-08-19,QS,11.25,7.91,8.80,1m BullFlag,❌,,,,,,,,
2025-08-19,QS,11.25,7.91,8.80,5m BullFlag,❌,,,,,,,,
2025-08-19,QS,11.25,7.91,8.80,1m FirstPullback,❌,,,,,,,,
2025-08-19,QS,11.25,7.91,8.80,5m FirstPullback,❌,,,,,,,,
2025-08-19,QS,11.25,7.91,8.80,1m ABCD,❌,,,,,,,,
2025-08-19,QS,11.25,7.91,8.80,5m ABCD,❌,,,,,,,,
2025-08-19,EAF,11.11,1.08,1.20,1m Flat-Top,✅,1.20,1.20,,,16:34,,,
2025-08-19,EAF,11.11,1.08,1.20,1m Flat-Bottom,✅,1.15,1.17,,,17:12,,,
2025-08-19,EAF,11.11,1.08,1.20,5m Flat-Top,❌,,,,,,,,
2025-08-19,EAF,11.11,1.08,1.20,5m Flat-Bottom,✅,1.14,1.14,,,17:20,,,
2025-08-19,EAF,11.11,1.08,1.20,1m BullFlag,❌,,,,,,,,
2025-08-19,EAF,11.11,1.08,1.20,5m BullFlag,❌,,,,,,,,
2025-08-19,EAF,11.11,1.08,1.20,1m FirstPullback,❌,,,,,,,,
2025-08-19,EAF,11.11,1.08,1.20,5m FirstPullback,❌,,,,,,,,
2025-08-19,EAF,11.11,1.08,1.20,1m ABCD,❌,,,,,,,,
2025-08-19,EAF,11.11,1.08,1.20,5m ABCD,❌,,,,,,,,
2025-08-18,ADAP,28.57,0.07,0.09,1m Flat-Top,✅,0.08,0.08,,,11:15,,,
2025-08-18,ADAP,28.57,0.07,0.09,1m Flat-Bottom,✅,0.08,0.08,,,16:48,,,
2025-08-18,ADAP,28.57,0.07,0.09,5m Flat-Top,✅,0.08,0.08,,,11:15,,,
2025-08-18,ADAP,28.57,0.07,0.09,5m Flat-Bottom,✅,0.08,0.08,,,16:45,,,
2025-08-18,ADAP,28.57,0.07,0.09,1m BullFlag,❌,,,,,,,,
2025-08-18,ADAP,28.57,0.07,0.09,5m BullFlag,❌,,,,,,,,
2025-08-18,ADAP,28.57,0.07,0.09,1m FirstPullback,❌,,,,,,,,
2025-08-18,ADAP,28.57,0.07,0.09,5m FirstPullback,❌,,,,,,,,
2025-08-18,ADAP,28.57,0.07,0.09,1m ABCD,❌,,,,,,,,
2025-08-18,ADAP,28.57,0.07,0.09,5m ABCD,❌,,,,,,,,
2025-08-18,EDIT,10.51,2.76,3.05,1m Flat-Top,❌,,,,,,,,
2025-08-18,EDIT,10.51,2.76,3.05,1m Flat-Bottom,✅,3.05,3.05,,,16:36,,,
2025-08-18,EDIT,10.51,2.76,3.05,5m Flat-Top,❌,,,,,,,,
2025-08-18,EDIT,10.51,2.76,3.05,5m Flat-Bottom,✅,2.88,2.92,,,17:25,,,
2025-08-18,EDIT,10.51,2.76,3.05,1m BullFlag,❌,,,,,,,,
2025-08-18,EDIT,10.51,2.76,3.05,5m BullFlag,❌,,,,,,,,
2025-08-18,EDIT,10.51,2.76,3.05,1m FirstPullback,❌,,,,,,,,
2025-08-18,EDIT,10.51,2.76,3.05,5m FirstPullback,❌,,,,,,,,
2025-08-18,EDIT,10.51,2.76,3.05,1m ABCD,❌,,,,,,,,
2025-08-18,EDIT,10.51,2.76,3.05,5m ABCD,❌,,,,,,,,
2025-08-18,METCB,10.00,16.00,17.60,1m Flat-Top,❌,,,,,,,,
2025-08-18,METCB,10.00,16.00,17.60,1m Flat-Bottom,✅,15.88,15.91,,,21:41,,,
2025-08-18,METCB,10.00,16.00,17.60,5m Flat-Top,❌,,,,,,,,
2025-08-18,METCB,10.00,16.00,17.60,5m Flat-Bottom,❌,,,,,,,,
2025-08-18,METCB,10.00,16.00,17.60,1m BullFlag,❌,,,,,,,,
2025-08-18,METCB,10.00,16.00,17.60,5m BullFlag,❌,,,,,,,,
2025-08-18,METCB,10.00,16.00,17.60,1m FirstPullback,❌,,,,,,,,
2025-08-18,METCB,10.00,16.00,17.60,5m FirstPullback,❌,,,,,,,,
2025-08-18,METCB,10.00,16.00,17.60,1m ABCD,❌,,,,,,,,
2025-08-18,METCB,10.00,16.00,17.60,5m ABCD,❌,,,,,,,,
2025-08-17,KAZT,1.85,485.40,494.40,1m Flat-Top,❌,,,,,,,,
2025-08-17,KAZT,1.85,485.40,494.40,1m Flat-Bottom,✅,492.20,492.20,,,13:12,,,
2025-08-17,KAZT,1.85,485.40,494.40,5m Flat-Top,❌,,,,,,,,
2025-08-17,KAZT,1.85,485.40,494.40,5m Flat-Bottom,✅,489.40,490.80,,,18:15,,,
2025-08-17,KAZT,1.85,485.40,494.40,1m BullFlag,❌,,,,,,,,
2025-08-17,KAZT,1.85,485.40,494.40,5m BullFlag,❌,,,,,,,,
2025-08-17,KAZT,1.85,485.40,494.40,1m FirstPullback,❌,,,,,,,,
2025-08-17,KAZT,1.85,485.40,494.40,5m FirstPullback,❌,,,,,,,,
2025-08-17,KAZT,1.85,485.40,494.40,1m ABCD,❌,,,,,,,,
2025-08-17,KAZT,1.85,485.40,494.40,5m ABCD,❌,,,,,,,,
2025-08-16,LNZLP,6.19,970.00,1030.00,Gap&Go,❌,,,,,,,,
2025-08-16,LNZLP,6.19,970.00,1030.00,1m Flat-Top,✅,955.00,955.00,,,03:07,,,
2025-08-16,LNZLP,6.19,970.00,1030.00,1m Flat-Bottom,❌,,,,,,,,
2025-08-16,LNZLP,6.19,970.00,1030.00,5m Flat-Top,✅,975.00,960.00,,,09:55,,,
2025-08-16,LNZLP,6.19,970.00,1030.00,5m Flat-Bottom,❌,,,,,,,,
2025-08-16,LNZLP,6.19,970.00,1030.00,1m BullFlag,✅,975.00,955.00,995.00,+20.00,09:59,,,
2025-08-16,LNZLP,6.19,970.00,1030.00,5m BullFlag,✅,975.00,955.00,995.00,+20.00,09:55,,,
2025-08-16,LNZLP,6.19,970.00,1030.00,1m FirstPullback,❌,,,,,,,,
2025-08-16,LNZLP,6.19,970.00,1030.00,5m FirstPullback,❌,,,,,,,,
2025-08-16,LNZLP,6.19,970.00,1030.00,1m ABCD,❌,,,,,,,,
2025-08-16,LNZLP,6.19,970.00,1030.00,5m ABCD,❌,,,,,,,,
2025-08-15,METC,14.46,23.59,27.00,1m Flat-Top,❌,,,,,,,,
2025-08-15,METC,14.46,23.59,27.00,1m Flat-Bottom,✅,25.60,25.63,,,18:24,,,
2025-08-15,METC,14.46,23.59,27.00,5m Flat-Top,❌,,,,,,,,
2025-08-15,METC,14.46,23.59,27.00,5m Flat-Bottom,✅,25.45,25.64,,,18:35,,,
2025-08-15,METC,14.46,23.59,27.00,1m BullFlag,✅,24.40,24.32,24.50,+0.10,20:16,,,
2025-08-15,METC,14.46,23.59,27.00,5m BullFlag,❌,,,,,,,,
2025-08-15,METC,14.46,23.59,27.00,1m FirstPullback,❌,,,,,,,,
2025-08-15,METC,14.46,23.59,27.00,5m FirstPullback,❌,,,,,,,,
2025-08-15,METC,14.46,23.59,27.00,1m ABCD,✅,24.40,24.32,24.50,+0.10,20:16,,,
2025-08-15,METC,14.46,23.59,27.00,5m ABCD,❌,,,,,,,,
2025-08-15,JOBY,13.17,16.63,18.82,1m Flat-Top,❌,,,,,,,,
2025-08-15,JOBY,13.17,16.63,18.82,1m Flat-Bottom,✅,17.05,17.17,,,17:08,,,
2025-08-15,JOBY,13.17,16.63,18.82,5m Flat-Top,❌,,,,,,,,
2025-08-15,JOBY,13.17,16.63,18.82,5m Flat-Bottom,✅,16.93,17.22,,,18:40,,,
2025-08-15,JOBY,13.17,16.63,18.82,1m BullFlag,✅,17.21,16.87,17.30,+0.09,19:25,,,
2025-08-15,JOBY,13.17,16.63,18.82,5m BullFlag,❌,,,,,,,,
2025-08-15,JOBY,13.17,16.63,18.82,1m FirstPullback,❌,,,,,,,,
2025-08-15,JOBY,13.17,16.63,18.82,5m FirstPullback,❌,,,,,,,,
2025-08-15,JOBY,13.17,16.63,18.82,1m ABCD,✅,16.92,16.90,16.97,+0.05,18:49,,,
2025-08-15,JOBY,13.17,16.63,18.82,5m ABCD,❌,,,,,,,,
2025-08-14,ADAP,14.29,0.07,0.08,1m Flat-Top,❌,,,,,,,,
2025-08-14,ADAP,14.29,0.07,0.08,1m Flat-Bottom,❌,,,,,,,,
2025-08-14,ADAP,14.29,0.07,0.08,5m Flat-Top,❌,,,,,,,,
2025-08-14,ADAP,14.29,0.07,0.08,5m Flat-Bottom,❌,,,,,,,,
2025-08-14,ADAP,14.29,0.07,0.08,1m BullFlag,❌,,,,,,,,
2025-08-14,ADAP,14.29,0.07,0.08,5m BullFlag,❌,,,,,,,,
2025-08-14,ADAP,14.29,0.07,0.08,1m FirstPullback,❌,,,,,,,,
2025-08-14,ADAP,14.29,0.07,0.08,5m FirstPullback,❌,,,,,,,,
2025-08-14,ADAP,14.29,0.07,0.08,1m ABCD,❌,,,,,,,,
2025-08-14,ADAP,14.29,0.07,0.08,5m ABCD,❌,,,,,,,,
2025-08-14,UI,12.30,421.31,473.15,1m Flat-Top,❌,,,,,,,,
2025-08-14,UI,12.30,421.31,473.15,1m Flat-Bottom,❌,,,,,,,,
2025-08-14,UI,12.30,421.31,473.15,5m Flat-Top,❌,,,,,,,,
2025-08-14,UI,12.30,421.31,473.15,5m Flat-Bottom,❌,,,,,,,,
2025-08-14,UI,12.30,421.31,473.15,1m BullFlag,✅,417.55,412.21,418.19,+0.64,17:20,,,
2025-08-14,UI,12.30,421.31,473.15,5m BullFlag,✅,418.02,397.76,424.32,+6.30,17:40,,,
2025-08-14,UI,12.30,421.31,473.15,1m FirstPullback,❌,,,,,,,,
2025-08-14,UI,12.30,421.31,473.15,5m FirstPullback,❌,,,,,,,,
2025-08-14,UI,12.30,421.31,473.15,1m ABCD,✅,414.31,407.58,423.84,+9.53,18:32,,,
2025-08-14,UI,12.30,421.31,473.15,5m ABCD,✅,411.60,408.64,425.58,+13.98,20:10,,,
2025-08-13,GLBE,18.74,31.06,36.88,1m Flat-Top,❌,,,,,,,,
2025-08-13,GLBE,18.74,31.06,36.88,1m Flat-Bottom,✅,32.15,32.59,,,16:38,,,
2025-08-13,GLBE,18.74,31.06,36.88,5m Flat-Top,❌,,,,,,,,
2025-08-13,GLBE,18.74,31.06,36.88,5m Flat-Bottom,❌,,,,,,,,
2025-08-13,GLBE,18.74,31.06,36.88,1m BullFlag,✅,31.06,30.50,31.53,+0.47,16:50,,,
2025-08-13,GLBE,18.74,31.06,36.88,5m BullFlag,✅,31.24,30.93,31.57,+0.33,21:25,,,
2025-08-13,GLBE,18.74,31.06,36.88,1m FirstPullback,❌,,,,,,,,
2025-08-13,GLBE,18.74,31.06,36.88,5m FirstPullback,❌,,,,,,,,
2025-08-13,GLBE,18.74,31.06,36.88,1m ABCD,✅,31.42,31.00,32.21,+0.79,18:06,,,
2025-08-13,GLBE,18.74,31.06,36.88,5m ABCD,❌,,,,,,,,
2025-08-13,PRTS,12.99,0.77,0.87,1m Flat-Top,❌,,,,,,,,
2025-08-13,PRTS,12.99,0.77,0.87,1m Flat-Bottom,✅,0.83,0.85,,,18:28,,,
2025-08-13,PRTS,12.99,0.77,0.87,5m Flat-Top,❌,,,,,,,,
2025-08-13,PRTS,12.99,0.77,0.87,5m Flat-Bottom,✅,0.83,0.85,,,18:25,,,
2025-08-13,PRTS,12.99,0.77,0.87,1m BullFlag,❌,,,,,,,,
2025-08-13,PRTS,12.99,0.77,0.87,5m BullFlag,❌,,,,,,,,
2025-08-13,PRTS,12.99,0.77,0.87,1m FirstPullback,❌,,,,,,,,
2025-08-13,PRTS,12.99,0.77,0.87,5m FirstPullback,❌,,,,,,,,
2025-08-13,PRTS,12.99,0.77,0.87,1m ABCD,❌,,,,,,,,
2025-08-13,PRTS,12.99,0.77,0.87,5m ABCD,❌,,,,,,,,
2025-08-12,TPIC,23.53,0.17,0.21,1m Flat-Top,✅,0.17,0.17,,,14:43,,,
2025-08-12,TPIC,23.53,0.17,0.21,1m Flat-Bottom,✅,0.16,0.16,,,17:31,,,
2025-08-12,TPIC,23.53,0.17,0.21,5m Flat-Top,✅,0.17,0.17,,,14:40,,,
2025-08-12,TPIC,23.53,0.17,0.21,5m Flat-Bottom,✅,0.16,0.17,,,17:30,,,
2025-08-12,TPIC,23.53,0.17,0.21,1m BullFlag,❌,,,,,,,,
2025-08-12,TPIC,23.53,0.17,0.21,5m BullFlag,❌,,,,,,,,
2025-08-12,TPIC,23.53,0.17,0.21,1m FirstPullback,❌,,,,,,,,
2025-08-12,TPIC,23.53,0.17,0.21,5m FirstPullback,❌,,,,,,,,
2025-08-12,TPIC,23.53,0.17,0.21,1m ABCD,❌,,,,,,,,
2025-08-12,TPIC,23.53,0.17,0.21,5m ABCD,❌,,,,,,,,
2025-08-12,VERU,14.98,2.87,3.30,1m Flat-Top,❌,,,,,,,,
2025-08-12,VERU,14.98,2.87,3.30,1m Flat-Bottom,❌,,,,,,,,
2025-08-12,VERU,14.98,2.87,3.30,5m Flat-Top,❌,,,,,,,,
2025-08-12,VERU,14.98,2.87,3.30,5m Flat-Bottom,❌,,,,,,,,
2025-08-12,VERU,14.98,2.87,3.30,1m BullFlag,❌,,,,,,,,
2025-08-12,VERU,14.98,2.87,3.30,5m BullFlag,❌,,,,,,,,
2025-08-12,VERU,14.98,2.87,3.30,1m FirstPullback,❌,,,,,,,,
2025-08-12,VERU,14.98,2.87,3.30,5m FirstPullback,❌,,,,,,,,
2025-08-12,VERU,14.98,2.87,3.30,1m ABCD,❌,,,,,,,,
2025-08-12,VERU,14.98,2.87,3.30,5m ABCD,❌,,,,,,,,
2025-08-12,ALEC,11.82,2.03,2.27,1m Flat-Top,✅,2.24,2.24,,,15:36,,,
2025-08-12,ALEC,11.82,2.03,2.27,1m Flat-Bottom,✅,2.24,2.40,,,16:41,,,
2025-08-12,ALEC,11.82,2.03,2.27,5m Flat-Top,❌,,,,,,,,
2025-08-12,ALEC,11.82,2.03,2.27,5m Flat-Bottom,✅,2.05,2.05,,,17:35,,,
2025-08-12,ALEC,11.82,2.03,2.27,1m BullFlag,✅,2.06,2.00,2.09,+0.03,19:42,,,
2025-08-12,ALEC,11.82,2.03,2.27,5m BullFlag,✅,2.08,2.00,2.13,+0.05,19:40,,,
2025-08-12,ALEC,11.82,2.03,2.27,1m FirstPullback,❌,,,,,,,,
2025-08-12,ALEC,11.82,2.03,2.27,5m FirstPullback,❌,,,,,,,,
2025-08-12,ALEC,11.82,2.03,2.27,1m ABCD,❌,,,,,,,,
2025-08-12,ALEC,11.82,2.03,2.27,5m ABCD,❌,,,,,,,,
2025-08-12,CNNE,11.68,17.81,19.89,1m Flat-Top,❌,,,,,,,,
2025-08-12,CNNE,11.68,17.81,19.89,1m Flat-Bottom,✅,19.14,19.14,,,16:34,,,
2025-08-12,CNNE,11.68,17.81,19.89,5m Flat-Top,❌,,,,,,,,
2025-08-12,CNNE,11.68,17.81,19.89,5m Flat-Bottom,❌,,,,,,,,
2025-08-12,CNNE,11.68,17.81,19.89,1m BullFlag,❌,,,,,,,,
2025-08-12,CNNE,11.68,17.81,19.89,5m BullFlag,❌,,,,,,,,
2025-08-12,CNNE,11.68,17.81,19.89,1m FirstPullback,❌,,,,,,,,
2025-08-12,CNNE,11.68,17.81,19.89,5m FirstPullback,❌,,,,,,,,
2025-08-12,CNNE,11.68,17.81,19.89,1m ABCD,❌,,,,,,,,
2025-08-12,CNNE,11.68,17.81,19.89,5m ABCD,❌,,,,,,,,
2025-08-12,LPSN,11.34,0.97,1.08,1m Flat-Top,❌,,,,,,,,
2025-08-12,LPSN,11.34,0.97,1.08,1m Flat-Bottom,✅,1.05,1.05,,,16:34,,,
2025-08-12,LPSN,11.34,0.97,1.08,5m Flat-Top,❌,,,,,,,,
2025-08-12,LPSN,11.34,0.97,1.08,5m Flat-Bottom,✅,1.04,1.05,,,17:00,,,
2025-08-12,LPSN,11.34,0.97,1.08,1m BullFlag,❌,,,,,,,,
2025-08-12,LPSN,11.34,0.97,1.08,5m BullFlag,❌,,,,,,,,
2025-08-12,LPSN,11.34,0.97,1.08,1m FirstPullback,❌,,,,,,,,
2025-08-12,LPSN,11.34,0.97,1.08,5m FirstPullback,❌,,,,,,,,
2025-08-12,LPSN,11.34,0.97,1.08,1m ABCD,❌,,,,,,,,
2025-08-12,LPSN,11.34,0.97,1.08,5m ABCD,❌,,,,,,,,
2025-08-11,TPIC,24.14,0.29,0.36,1m Flat-Top,✅,0.35,0.35,,,11:49,,,
2025-08-11,TPIC,24.14,0.29,0.36,1m Flat-Bottom,✅,0.35,0.36,,,12:44,,,
2025-08-11,TPIC,24.14,0.29,0.36,5m Flat-Top,✅,0.35,0.35,,,11:45,,,
2025-08-11,TPIC,24.14,0.29,0.36,5m Flat-Bottom,✅,0.35,0.36,,,12:40,,,
2025-08-11,TPIC,24.14,0.29,0.36,1m BullFlag,❌,,,,,,,,
2025-08-11,TPIC,24.14,0.29,0.36,5m BullFlag,❌,,,,,,,,
2025-08-11,TPIC,24.14,0.29,0.36,1m FirstPullback,❌,,,,,,,,
2025-08-11,TPIC,24.14,0.29,0.36,5m FirstPullback,❌,,,,,,,,
2025-08-11,TPIC,24.14,0.29,0.36,1m ABCD,❌,,,,,,,,
2025-08-11,TPIC,24.14,0.29,0.36,5m ABCD,❌,,,,,,,,
2025-08-11,WW,24.09,33.50,41.57,1m Flat-Top,✅,40.50,39.50,,,14:33,,,
2025-08-11,WW,24.09,33.50,41.57,1m Flat-Bottom,✅,39.00,43.56,,,16:30,,,
2025-08-11,WW,24.09,33.50,41.57,5m Flat-Top,✅,40.50,39.50,,,14:30,,,
2025-08-11,WW,24.09,33.50,41.57,5m Flat-Bottom,✅,39.00,43.56,,,16:30,,,
2025-08-11,WW,24.09,33.50,41.57,1m BullFlag,✅,38.54,37.52,39.58,+1.04,16:55,,,
2025-08-11,WW,24.09,33.50,41.57,5m BullFlag,❌,,,,,,,,
2025-08-11,WW,24.09,33.50,41.57,1m FirstPullback,❌,,,,,,,,
2025-08-11,WW,24.09,33.50,41.57,5m FirstPullback,❌,,,,,,,,
2025-08-11,WW,24.09,33.50,41.57,1m ABCD,❌,,,,,,,,
2025-08-11,WW,24.09,33.50,41.57,5m ABCD,❌,,,,,,,,
2025-08-11,ZIP,16.09,3.48,4.04,1m Flat-Top,❌,,,,,,,,
2025-08-11,ZIP,16.09,3.48,4.04,1m Flat-Bottom,✅,4.04,4.09,,,16:37,,,
2025-08-11,ZIP,16.09,3.48,4.04,5m Flat-Top,❌,,,,,,,,
2025-08-11,ZIP,16.09,3.48,4.04,5m Flat-Bottom,✅,3.69,3.75,,,18:10,,,
2025-08-11,ZIP,16.09,3.48,4.04,1m BullFlag,✅,3.89,3.47,3.91,+0.02,23:19,,,
2025-08-11,ZIP,16.09,3.48,4.04,5m BullFlag,✅,3.77,3.47,3.81,+0.04,23:15,,,
2025-08-11,ZIP,16.09,3.48,4.04,1m FirstPullback,❌,,,,,,,,
2025-08-11,ZIP,16.09,3.48,4.04,5m FirstPullback,❌,,,,,,,,
2025-08-11,ZIP,16.09,3.48,4.04,1m ABCD,❌,,,,,,,,
2025-08-11,ZIP,16.09,3.48,4.04,5m ABCD,❌,,,,,,,,
2025-08-11,SPHR,15.59,38.75,44.79,1m Flat-Top,❌,,,,,,,,
2025-08-11,SPHR,15.59,38.75,44.79,1m Flat-Bottom,✅,45.00,45.21,,,16:30,,,
2025-08-11,SPHR,15.59,38.75,44.79,5m Flat-Top,❌,,,,,,,,
2025-08-11,SPHR,15.59,38.75,44.79,5m Flat-Bottom,✅,45.00,45.21,,,16:30,,,
2025-08-11,SPHR,15.59,38.75,44.79,1m BullFlag,✅,40.48,38.67,40.59,+0.11,19:08,,,
2025-08-11,SPHR,15.59,38.75,44.79,5m BullFlag,✅,40.20,38.67,42.13,+1.93,19:05,,,
2025-08-11,SPHR,15.59,38.75,44.79,1m FirstPullback,❌,,,,,,,,
2025-08-11,SPHR,15.59,38.75,44.79,5m FirstPullback,❌,,,,,,,,
2025-08-11,SPHR,15.59,38.75,44.79,1m ABCD,✅,40.06,39.74,40.73,+0.67,19:04,,,
2025-08-11,SPHR,15.59,38.75,44.79,5m ABCD,✅,40.20,38.67,42.13,+1.93,19:05,,,
2025-08-11,OBNE,13.52,850.00,964.96,1m Flat-Top,❌,,,,,,,,
2025-08-11,OBNE,13.52,850.00,964.96,1m Flat-Bottom,❌,,,,,,,,
2025-08-11,OBNE,13.52,850.00,964.96,5m Flat-Top,❌,,,,,,,,
2025-08-11,OBNE,13.52,850.00,964.96,5m Flat-Bottom,❌,,,,,,,,
2025-08-11,OBNE,13.52,850.00,964.96,1m BullFlag,❌,,,,,,,,
2025-08-11,OBNE,13.52,850.00,964.96,5m BullFlag,❌,,,,,,,,
2025-08-11,OBNE,13.52,850.00,964.96,1m FirstPullback,❌,,,,,,,,
2025-08-11,OBNE,13.52,850.00,964.96,5m FirstPullback,❌,,,,,,,,
2025-08-11,OBNE,13.52,850.00,964.96,1m ABCD,❌,,,,,,,,
2025-08-11,OBNE,13.52,850.00,964.96,5m ABCD,❌,,,,,,,,
2025-08-11,CDLX,11.82,1.10,1.23,1m Flat-Top,✅,1.18,1.18,,,15:47,,,
2025-08-11,CDLX,11.82,1.10,1.23,1m Flat-Bottom,✅,1.18,1.18,,,17:05,,,
2025-08-11,CDLX,11.82,1.10,1.23,5m Flat-Top,✅,1.18,1.18,,,15:45,,,
2025-08-11,CDLX,11.82,1.10,1.23,5m Flat-Bottom,✅,1.18,1.19,,,17:05,,,
2025-08-11,CDLX,11.82,1.10,1.23,1m BullFlag,❌,,,,,,,,
2025-08-11,CDLX,11.82,1.10,1.23,5m BullFlag,❌,,,,,,,,
2025-08-11,CDLX,11.82,1.10,1.23,1m FirstPullback,❌,,,,,,,,
2025-08-11,CDLX,11.82,1.10,1.23,5m FirstPullback,❌,,,,,,,,
2025-08-11,CDLX,11.82,1.10,1.23,1m ABCD,❌,,,,,,,,
2025-08-11,CDLX,11.82,1.10,1.23,5m ABCD,❌,,,,,,,,
2025-08-11,GPRO,11.45,1.31,1.46,1m Flat-Top,✅,1.41,1.41,,,15:06,,,
2025-08-11,GPRO,11.45,1.31,1.46,1m Flat-Bottom,✅,1.36,1.37,,,16:48,,,
2025-08-11,GPRO,11.45,1.31,1.46,5m Flat-Top,✅,1.41,1.41,,,15:05,,,
2025-08-11,GPRO,11.45,1.31,1.46,5m Flat-Bottom,✅,1.30,1.30,,,17:55,,,
2025-08-11,GPRO,11.45,1.31,1.46,1m BullFlag,✅,1.37,1.29,1.40,+0.03,23:03,,,
2025-08-11,GPRO,11.45,1.31,1.46,5m BullFlag,✅,1.34,1.29,1.39,+0.05,23:00,,,
2025-08-11,GPRO,11.45,1.31,1.46,1m FirstPullback,❌,,,,,,,,
2025-08-11,GPRO,11.45,1.31,1.46,5m FirstPullback,❌,,,,,,,,
2025-08-11,GPRO,11.45,1.31,1.46,1m ABCD,❌,,,,,,,,
2025-08-11,GPRO,11.45,1.31,1.46,5m ABCD,❌,,,,,,,,
2025-08-11,EAF,10.43,1.15,1.27,1m Flat-Top,✅,1.27,1.27,,,16:44,,,
2025-08-11,EAF,10.43,1.15,1.27,1m Flat-Bottom,✅,1.27,1.27,,,16:53,,,
2025-08-11,EAF,10.43,1.15,1.27,5m Flat-Top,❌,,,,,,,,
2025-08-11,EAF,10.43,1.15,1.27,5m Flat-Bottom,✅,1.27,1.27,,,16:50,,,
2025-08-11,EAF,10.43,1.15,1.27,1m BullFlag,❌,,,,,,,,
2025-08-11,EAF,10.43,1.15,1.27,5m BullFlag,❌,,,,,,,,
2025-08-11,EAF,10.43,1.15,1.27,1m FirstPullback,❌,,,,,,,,
2025-08-11,EAF,10.43,1.15,1.27,5m FirstPullback,❌,,,,,,,,
2025-08-11,EAF,10.43,1.15,1.27,1m ABCD,❌,,,,,,,,
2025-08-11,EAF,10.43,1.15,1.27,5m ABCD,❌,,,,,,,,
2025-08-11,CEVA,10.22,21.33,23.51,1m Flat-Top,❌,,,,,,,,
2025-08-11,CEVA,10.22,21.33,23.51,1m Flat-Bottom,❌,,,,,,,,
2025-08-11,CEVA,10.22,21.33,23.51,5m Flat-Top,❌,,,,,,,,
2025-08-11,CEVA,10.22,21.33,23.51,5m Flat-Bottom,❌,,,,,,,,
2025-08-11,CEVA,10.22,21.33,23.51,1m BullFlag,✅,22.31,22.07,22.58,+0.27,17:32,,,
2025-08-11,CEVA,10.22,21.33,23.51,5m BullFlag,✅,21.42,20.90,21.51,+0.09,21:30,,,
2025-08-11,CEVA,10.22,21.33,23.51,1m FirstPullback,❌,,,,,,,,
2025-08-11,CEVA,10.22,21.33,23.51,5m FirstPullback,❌,,,,,,,,
2025-08-11,CEVA,10.22,21.33,23.51,1m ABCD,✅,21.18,21.12,21.26,+0.08,20:05,,,
2025-08-11,CEVA,10.22,21.33,23.51,5m ABCD,❌,,,,,,,,
2025-08-10,SPBE,0.00,292.30,292.30,Gap&Go,❌,,,,,,,,
2025-08-10,SPBE,0.00,292.30,292.30,1m Flat-Top,❌,,,,,,,,
2025-08-10,SPBE,0.00,292.30,292.30,1m Flat-Bottom,❌,,,,,,,,
2025-08-10,SPBE,0.00,292.30,292.30,5m Flat-Top,❌,,,,,,,,
2025-08-10,SPBE,0.00,292.30,292.30,5m Flat-Bottom,❌,,,,,,,,
2025-08-10,SPBE,0.00,292.30,292.30,1m BullFlag,❌,,,,,,,,
2025-08-10,SPBE,0.00,292.30,292.30,5m BullFlag,❌,,,,,,,,
2025-08-10,SPBE,0.00,292.30,292.30,1m FirstPullback,❌,,,,,,,,
2025-08-10,SPBE,0.00,292.30,292.30,5m FirstPullback,❌,,,,,,,,
2025-08-10,SPBE,0.00,292.30,292.30,1m ABCD,❌,,,,,,,,
2025-08-10,SPBE,0.00,292.30,292.30,5m ABCD,❌,,,,,,,,
2025-08-09,ELMT,1.25,0.14,0.15,Gap&Go,❌,,,,,,,,
2025-08-09,ELMT,1.25,0.14,0.15,1m Flat-Top,❌,,,,,,,,
2025-08-09,ELMT,1.25,0.14,0.15,1m Flat-Bottom,❌,,,,,,,,
2025-08-09,ELMT,1.25,0.14,0.15,5m Flat-Top,❌,,,,,,,,
2025-08-09,ELMT,1.25,0.14,0.15,5m Flat-Bottom,❌,,,,,,,,
2025-08-09,ELMT,1.25,0.14,0.15,1m BullFlag,❌,,,,,,,,
2025-08-09,ELMT,1.25,0.14,0.15,5m BullFlag,✅,0.14,0.14,0.14,+0.00,16:15,,,
2025-08-09,ELMT,1.25,0.14,0.15,1m FirstPullback,❌,,,,,,,,
2025-08-09,ELMT,1.25,0.14,0.15,5m FirstPullback,❌,,,,,,,,
2025-08-09,ELMT,1.25,0.14,0.15,1m ABCD,❌,,,,,,,,
2025-08-09,ELMT,1.25,0.14,0.15,5m ABCD,❌,,,,,,,,
2025-08-06,ORUP,64.70,0.76,1.25,Gap&Go,✅,1.23,1.23,,,10:09,,,
2025-08-06,ORUP,64.70,0.76,1.25,1m Flat-Top,❌,,,,,,,,
2025-08-06,ORUP,64.70,0.76,1.25,1m Flat-Bottom,✅,1.25,1.25,,,08:26,,,
2025-08-06,ORUP,64.70,0.76,1.25,5m Flat-Top,❌,,,,,,,,
2025-08-06,ORUP,64.70,0.76,1.25,5m Flat-Bottom,✅,1.25,1.25,,,08:25,,,
2025-08-06,ORUP,64.70,0.76,1.25,1m BullFlag,❌,,,,,,,,
2025-08-06,ORUP,64.70,0.76,1.25,5m BullFlag,✅,0.78,0.76,0.81,+0.02,16:00,,,
2025-08-06,ORUP,64.70,0.76,1.25,1m FirstPullback,❌,,,,,,,,
2025-08-06,ORUP,64.70,0.76,1.25,5m FirstPullback,❌,,,,,,,,
2025-08-06,ORUP,64.70,0.76,1.25,1m ABCD,❌,,,,,,,,
2025-08-06,ORUP,64.70,0.76,1.25,5m ABCD,❌,,,,,,,,
2025-08-06,BLMN,30.20,6.49,8.45,1m Flat-Top,❌,,,,,,,,
2025-08-06,BLMN,30.20,6.49,8.45,1m Flat-Bottom,✅,7.13,7.14,,,16:42,,,
2025-08-06,BLMN,30.20,6.49,8.45,5m Flat-Top,❌,,,,,,,,
2025-08-06,BLMN,30.20,6.49,8.45,5m Flat-Bottom,✅,6.81,6.88,,,17:40,,,
2025-08-06,BLMN,30.20,6.49,8.45,1m BullFlag,✅,7.19,7.03,7.49,+0.30,17:01,,,
2025-08-06,BLMN,30.20,6.49,8.45,5m BullFlag,❌,,,,,,,,
2025-08-06,BLMN,30.20,6.49,8.45,1m FirstPullback,❌,,,,,,,,
2025-08-06,BLMN,30.20,6.49,8.45,5m FirstPullback,❌,,,,,,,,
2025-08-06,BLMN,30.20,6.49,8.45,1m ABCD,✅,7.19,7.03,7.49,+0.30,17:01,,,
2025-08-06,BLMN,30.20,6.49,8.45,5m ABCD,❌,,,,,,,,
2025-08-06,U,23.99,30.56,37.89,1m Flat-Top,✅,34.72,34.72,,,11:09,,,
2025-08-06,U,23.99,30.56,37.89,1m Flat-Bottom,✅,30.98,31.11,,,18:47,,,
2025-08-06,U,23.99,30.56,37.89,5m Flat-Top,✅,35.30,35.07,,,12:25,,,
2025-08-06,U,23.99,30.56,37.89,5m Flat-Bottom,❌,,,,,,,,
2025-08-06,U,23.99,30.56,37.89,1m BullFlag,✅,31.91,29.76,32.22,+0.31,21:02,,,
2025-08-06,U,23.99,30.56,37.89,5m BullFlag,✅,31.58,29.76,32.17,+0.59,20:40,,,
2025-08-06,U,23.99,30.56,37.89,1m FirstPullback,❌,,,,,,,,
2025-08-06,U,23.99,30.56,37.89,5m FirstPullback,❌,,,,,,,,
2025-08-06,U,23.99,30.56,37.89,1m ABCD,❌,,,,,,,,
2025-08-06,U,23.99,30.56,37.89,5m ABCD,❌,,,,,,,,
2025-08-06,RVLV,18.12,18.49,21.84,1m Flat-Top,❌,,,,,,,,
2025-08-06,RVLV,18.12,18.49,21.84,1m Flat-Bottom,✅,21.45,21.87,,,16:31,,,
2025-08-06,RVLV,18.12,18.49,21.84,5m Flat-Top,❌,,,,,,,,
2025-08-06,RVLV,18.12,18.49,21.84,5m Flat-Bottom,❌,,,,,,,,
2025-08-06,RVLV,18.12,18.49,21.84,1m BullFlag,✅,19.18,18.09,19.23,+0.05,21:07,,,
2025-08-06,RVLV,18.12,18.49,21.84,5m BullFlag,✅,19.03,18.09,19.37,+0.34,21:00,,,
2025-08-06,RVLV,18.12,18.49,21.84,1m FirstPullback,❌,,,,,,,,
2025-08-06,RVLV,18.12,18.49,21.84,5m FirstPullback,❌,,,,,,,,
2025-08-06,RVLV,18.12,18.49,21.84,1m ABCD,✅,18.96,18.88,19.07,+0.11,18:31,,,
2025-08-06,RVLV,18.12,18.49,21.84,5m ABCD,❌,,,,,,,,
2025-08-06,LNZL,17.33,6580.00,7720.00,Gap&Go,✅,6810.00,6740.00,,,10:01,,,
2025-08-06,LNZL,17.33,6580.00,7720.00,1m Flat-Top,❌,,,,,,,,
2025-08-06,LNZL,17.33,6580.00,7720.00,1m Flat-Bottom,✅,7600.00,7600.00,,,09:50,,,
2025-08-06,LNZL,17.33,6580.00,7720.00,5m Flat-Top,❌,,,,,,,,
2025-08-06,LNZL,17.33,6580.00,7720.00,5m Flat-Bottom,✅,7600.00,7600.00,,,09:50,,,
2025-08-06,LNZL,17.33,6580.00,7720.00,1m BullFlag,❌,,,,,,,,
2025-08-06,LNZL,17.33,6580.00,7720.00,5m BullFlag,❌,,,,,,,,
2025-08-06,LNZL,17.33,6580.00,7720.00,1m FirstPullback,❌,,,,,,,,
2025-08-06,LNZL,17.33,6580.00,7720.00,5m FirstPullback,❌,,,,,,,,
2025-08-06,LNZL,17.33,6580.00,7720.00,1m ABCD,❌,,,,,,,,
2025-08-06,LNZL,17.33,6580.00,7720.00,5m ABCD,❌,,,,,,,,
2025-08-06,LPSN,16.81,1.19,1.39,1m Flat-Top,✅,1.03,1.00,,,15:34,,,
2025-08-06,LPSN,16.81,1.19,1.39,1m Flat-Bottom,❌,,,,,,,,
2025-08-06,LPSN,16.81,1.19,1.39,5m Flat-Top,❌,,,,,,,,
2025-08-06,LPSN,16.81,1.19,1.39,5m Flat-Bottom,❌,,,,,,,,
2025-08-06,LPSN,16.81,1.19,1.39,1m BullFlag,✅,1.22,1.20,1.25,+0.03,17:13,,,
2025-08-06,LPSN,16.81,1.19,1.39,5m BullFlag,❌,,,,,,,,
2025-08-06,LPSN,16.81,1.19,1.39,1m FirstPullback,❌,,,,,,,,
2025-08-06,LPSN,16.81,1.19,1.39,5m FirstPullback,❌,,,,,,,,
2025-08-06,LPSN,16.81,1.19,1.39,1m ABCD,✅,1.22,1.20,1.25,+0.03,17:13,,,
2025-08-06,LPSN,16.81,1.19,1.39,5m ABCD,❌,,,,,,,,
2025-08-06,UPST,15.82,69.17,80.11,1m Flat-Top,✅,79.80,77.66,,,14:35,,,
2025-08-06,UPST,15.82,69.17,80.11,1m Flat-Bottom,✅,77.66,82.30,,,16:31,,,
2025-08-06,UPST,15.82,69.17,80.11,5m Flat-Top,❌,,,,,,,,
2025-08-06,UPST,15.82,69.17,80.11,5m Flat-Bottom,❌,,,,,,,,
2025-08-06,UPST,15.82,69.17,80.11,1m BullFlag,✅,69.60,69.04,70.12,+0.52,18:17,,,
2025-08-06,UPST,15.82,69.17,80.11,5m BullFlag,❌,,,,,,,,
2025-08-06,UPST,15.82,69.17,80.11,1m FirstPullback,❌,,,,,,,,
2025-08-06,UPST,15.82,69.17,80.11,5m FirstPullback,❌,,,,,,,,
2025-08-06,UPST,15.82,69.17,80.11,1m ABCD,❌,,,,,,,,
2025-08-06,UPST,15.82,69.17,80.11,5m ABCD,❌,,,,,,,,
2025-08-06,QDEL,15.38,23.41,27.01,1m Flat-Top,❌,,,,,,,,
2025-08-06,QDEL,15.38,23.41,27.01,1m Flat-Bottom,✅,24.16,24.17,,,18:39,,,
2025-08-06,QDEL,15.38,23.41,27.01,5m Flat-Top,❌,,,,,,,,
2025-08-06,QDEL,15.38,23.41,27.01,5m Flat-Bottom,❌,,,,,,,,
2025-08-06,QDEL,15.38,23.41,27.01,1m BullFlag,✅,23.96,23.86,24.09,+0.13,20:16,,,
2025-08-06,QDEL,15.38,23.41,27.01,5m BullFlag,❌,,,,,,,,
2025-08-06,QDEL,15.38,23.41,27.01,1m FirstPullback,❌,,,,,,,,
2025-08-06,QDEL,15.38,23.41,27.01,5m FirstPullback,❌,,,,,,,,
2025-08-06,QDEL,15.38,23.41,27.01,1m ABCD,❌,,,,,,,,
2025-08-06,QDEL,15.38,23.41,27.01,5m ABCD,❌,,,,,,,,
2025-08-06,LNZLP,15.29,850.00,980.00,Gap&Go,✅,875.00,860.00,,,10:03,,,
2025-08-06,LNZLP,15.29,850.00,980.00,1m Flat-Top,❌,,,,,,,,
2025-08-06,LNZLP,15.29,850.00,980.00,1m Flat-Bottom,✅,980.00,980.00,,,09:50,,,
2025-08-06,LNZLP,15.29,850.00,980.00,5m Flat-Top,❌,,,,,,,,
2025-08-06,LNZLP,15.29,850.00,980.00,5m Flat-Bottom,✅,980.00,980.00,,,09:50,,,
2025-08-06,LNZLP,15.29,850.00,980.00,1m BullFlag,❌,,,,,,,,
2025-08-06,LNZLP,15.29,850.00,980.00,5m BullFlag,❌,,,,,,,,
2025-08-06,LNZLP,15.29,850.00,980.00,1m FirstPullback,❌,,,,,,,,
2025-08-06,LNZLP,15.29,850.00,980.00,5m FirstPullback,❌,,,,,,,,
2025-08-06,LNZLP,15.29,850.00,980.00,1m ABCD,❌,,,,,,,,
2025-08-06,LNZLP,15.29,850.00,980.00,5m ABCD,❌,,,,,,,,
2025-08-06,ESAB,15.10,110.16,126.79,1m Flat-Top,❌,,,,,,,,
2025-08-06,ESAB,15.10,110.16,126.79,1m Flat-Bottom,✅,109.31,112.08,,,19:52,,,
2025-08-06,ESAB,15.10,110.16,126.79,5m Flat-Top,❌,,,,,,,,
2025-08-06,ESAB,15.10,110.16,126.79,5m Flat-Bottom,✅,109.31,112.08,,,19:50,,,
2025-08-06,ESAB,15.10,110.16,126.79,1m BullFlag,✅,114.40,113.05,115.93,+1.53,17:36,,,
2025-08-06,ESAB,15.10,110.16,126.79,5m BullFlag,✅,112.08,108.04,114.85,+2.77,20:25,,,
2025-08-06,ESAB,15.10,110.16,126.79,1m FirstPullback,❌,,,,,,,,
2025-08-06,ESAB,15.10,110.16,126.79,5m FirstPullback,❌,,,,,,,,
2025-08-06,ESAB,15.10,110.16,126.79,1m ABCD,❌,,,,,,,,
2025-08-06,ESAB,15.10,110.16,126.79,5m ABCD,❌,,,,,,,,
2025-08-06,MASI,13.29,142.11,161.00,1m Flat-Top,❌,,,,,,,,
2025-08-06,MASI,13.29,142.11,161.00,1m Flat-Bottom,✅,147.00,148.58,,,16:38,,,
2025-08-06,MASI,13.29,142.11,161.00,5m Flat-Top,❌,,,,,,,,
2025-08-06,MASI,13.29,142.11,161.00,5m Flat-Bottom,❌,,,,,,,,
2025-08-06,MASI,13.29,142.11,161.00,1m BullFlag,✅,141.98,137.54,145.62,+3.64,18:51,,,
2025-08-06,MASI,13.29,142.11,161.00,5m BullFlag,✅,146.77,135.88,150.72,+3.95,20:25,,,
2025-08-06,MASI,13.29,142.11,161.00,1m FirstPullback,❌,,,,,,,,
2025-08-06,MASI,13.29,142.11,161.00,5m FirstPullback,❌,,,,,,,,
2025-08-06,MASI,13.29,142.11,161.00,1m ABCD,✅,138.12,137.75,138.70,+0.58,18:33,,,
2025-08-06,MASI,13.29,142.11,161.00,5m ABCD,✅,141.98,137.54,148.08,+6.10,18:50,,,
2025-08-06,OBNE,13.04,752.00,850.03,Gap&Go,❌,,,,,,,,
2025-08-06,OBNE,13.04,752.00,850.03,1m Flat-Top,❌,,,,,,,,
2025-08-06,OBNE,13.04,752.00,850.03,1m Flat-Bottom,✅,830.00,830.00,,,14:17,,,
2025-08-06,OBNE,13.04,752.00,850.03,5m Flat-Top,❌,,,,,,,,
2025-08-06,OBNE,13.04,752.00,850.03,5m Flat-Bottom,✅,830.00,830.00,,,14:15,,,
2025-08-06,OBNE,13.04,752.00,850.03,1m BullFlag,❌,,,,,,,,
2025-08-06,OBNE,13.04,752.00,850.03,5m BullFlag,❌,,,,,,,,
2025-08-06,OBNE,13.04,752.00,850.03,1m FirstPullback,❌,,,,,,,,
2025-08-06,OBNE,13.04,752.00,850.03,5m FirstPullback,❌,,,,,,,,
2025-08-06,OBNE,13.04,752.00,850.03,1m ABCD,❌,,,,,,,,
2025-08-06,OBNE,13.04,752.00,850.03,5m ABCD,❌,,,,,,,,
2025-08-06,GOSS,12.76,1.96,2.21,1m Flat-Top,❌,,,,,,,,
2025-08-06,GOSS,12.76,1.96,2.21,1m Flat-Bottom,✅,2.10,2.10,,,17:10,,,
2025-08-06,GOSS,12.76,1.96,2.21,5m Flat-Top,❌,,,,,,,,
2025-08-06,GOSS,12.76,1.96,2.21,5m Flat-Bottom,✅,2.10,2.11,,,17:10,,,
2025-08-06,GOSS,12.76,1.96,2.21,1m BullFlag,❌,,,,,,,,
2025-08-06,GOSS,12.76,1.96,2.21,5m BullFlag,❌,,,,,,,,
2025-08-06,GOSS,12.76,1.96,2.21,1m FirstPullback,❌,,,,,,,,
2025-08-06,GOSS,12.76,1.96,2.21,5m FirstPullback,❌,,,,,,,,
2025-08-06,GOSS,12.76,1.96,2.21,1m ABCD,❌,,,,,,,,
2025-08-06,GOSS,12.76,1.96,2.21,5m ABCD,❌,,,,,,,,
2025-08-06,KIDS,12.66,17.22,19.40,1m Flat-Top,✅,19.40,19.40,,,16:40,,,
2025-08-06,KIDS,12.66,17.22,19.40,1m Flat-Bottom,✅,19.40,19.60,,,16:43,,,
2025-08-06,KIDS,12.66,17.22,19.40,5m Flat-Top,❌,,,,,,,,
2025-08-06,KIDS,12.66,17.22,19.40,5m Flat-Bottom,❌,,,,,,,,
2025-08-06,KIDS,12.66,17.22,19.40,1m BullFlag,✅,17.15,16.75,17.30,+0.15,18:28,,,
2025-08-06,KIDS,12.66,17.22,19.40,5m BullFlag,✅,17.15,16.75,17.30,+0.15,18:25,,,
2025-08-06,KIDS,12.66,17.22,19.40,1m FirstPullback,❌,,,,,,,,
2025-08-06,KIDS,12.66,17.22,19.40,5m FirstPullback,❌,,,,,,,,
2025-08-06,KIDS,12.66,17.22,19.40,1m ABCD,✅,17.60,17.23,18.45,+0.85,18:48,,,
2025-08-06,KIDS,12.66,17.22,19.40,5m ABCD,❌,,,,,,,,
2025-08-06,ADAP,12.50,0.08,0.09,1m Flat-Top,❌,,,,,,,,
2025-08-06,ADAP,12.50,0.08,0.09,1m Flat-Bottom,✅,0.09,0.09,,,11:14,,,
2025-08-06,ADAP,12.50,0.08,0.09,5m Flat-Top,❌,,,,,,,,
2025-08-06,ADAP,12.50,0.08,0.09,5m Flat-Bottom,✅,0.09,0.09,,,11:10,,,
2025-08-06,ADAP,12.50,0.08,0.09,1m BullFlag,❌,,,,,,,,
2025-08-06,ADAP,12.50,0.08,0.09,5m BullFlag,❌,,,,,,,,
2025-08-06,ADAP,12.50,0.08,0.09,1m FirstPullback,❌,,,,,,,,
2025-08-06,ADAP,12.50,0.08,0.09,5m FirstPullback,❌,,,,,,,,
2025-08-06,ADAP,12.50,0.08,0.09,1m ABCD,❌,,,,,,,,
2025-08-06,ADAP,12.50,0.08,0.09,5m ABCD,❌,,,,,,,,
2025-08-06,INSP,12.33,77.89,87.49,1m Flat-Top,✅,87.21,87.08,,,16:29,,,
2025-08-06,INSP,12.33,77.89,87.49,1m Flat-Bottom,✅,82.25,82.61,,,17:16,,,
2025-08-06,INSP,12.33,77.89,87.49,5m Flat-Top,❌,,,,,,,,
2025-08-06,INSP,12.33,77.89,87.49,5m Flat-Bottom,❌,,,,,,,,
2025-08-06,INSP,12.33,77.89,87.49,1m BullFlag,✅,79.05,78.27,80.45,+1.40,18:09,,,
2025-08-06,INSP,12.33,77.89,87.49,5m BullFlag,✅,78.40,77.75,79.26,+0.86,20:10,,,
2025-08-06,INSP,12.33,77.89,87.49,1m FirstPullback,❌,,,,,,,,
2025-08-06,INSP,12.33,77.89,87.49,5m FirstPullback,❌,,,,,,,,
2025-08-06,INSP,12.33,77.89,87.49,1m ABCD,✅,80.00,79.01,81.73,+1.73,18:21,,,
2025-08-06,INSP,12.33,77.89,87.49,5m ABCD,✅,78.40,77.75,79.26,+0.86,20:10,,,
2025-08-06,FTRE,12.06,6.47,7.25,1m Flat-Top,❌,,,,,,,,
2025-08-06,FTRE,12.06,6.47,7.25,1m Flat-Bottom,✅,6.78,7.05,,,16:39,,,
2025-08-06,FTRE,12.06,6.47,7.25,5m Flat-Top,❌,,,,,,,,
2025-08-06,FTRE,12.06,6.47,7.25,5m Flat-Bottom,✅,6.14,6.33,,,16:55,,,
2025-08-06,FTRE,12.06,6.47,7.25,1m BullFlag,✅,6.34,5.84,6.71,+0.37,18:04,,,
2025-08-06,FTRE,12.06,6.47,7.25,5m BullFlag,✅,6.45,6.22,6.56,+0.11,20:15,,,
2025-08-06,FTRE,12.06,6.47,7.25,1m FirstPullback,❌,,,,,,,,
2025-08-06,FTRE,12.06,6.47,7.25,5m FirstPullback,❌,,,,,,,,
2025-08-06,FTRE,12.06,6.47,7.25,1m ABCD,❌,,,,,,,,
2025-08-06,FTRE,12.06,6.47,7.25,5m ABCD,❌,,,,,,,,
2025-08-06,IFF,11.93,65.72,73.56,1m Flat-Top,❌,,,,,,,,
2025-08-06,IFF,11.93,65.72,73.56,1m Flat-Bottom,✅,69.03,69.31,,,17:25,,,
2025-08-06,IFF,11.93,65.72,73.56,5m Flat-Top,❌,,,,,,,,
2025-08-06,IFF,11.93,65.72,73.56,5m Flat-Bottom,❌,,,,,,,,
2025-08-06,IFF,11.93,65.72,73.56,1m BullFlag,✅,65.61,64.80,65.92,+0.31,18:55,,,
2025-08-06,IFF,11.93,65.72,73.56,5m BullFlag,❌,,,,,,,,
2025-08-06,IFF,11.93,65.72,73.56,1m FirstPullback,❌,,,,,,,,
2025-08-06,IFF,11.93,65.72,73.56,5m FirstPullback,❌,,,,,,,,
2025-08-06,IFF,11.93,65.72,73.56,1m ABCD,✅,65.77,65.38,66.58,+0.81,19:06,,,
2025-08-06,IFF,11.93,65.72,73.56,5m ABCD,❌,,,,,,,,
2025-08-06,NRG,11.91,148.40,166.07,1m Flat-Top,❌,,,,,,,,
2025-08-06,NRG,11.91,148.40,166.07,1m Flat-Bottom,✅,155.99,157.39,,,16:36,,,
2025-08-06,NRG,11.91,148.40,166.07,5m Flat-Top,❌,,,,,,,,
2025-08-06,NRG,11.91,148.40,166.07,5m Flat-Bottom,❌,,,,,,,,
2025-08-06,NRG,11.91,148.40,166.07,1m BullFlag,✅,149.42,145.00,150.29,+0.87,21:18,,,
2025-08-06,NRG,11.91,148.40,166.07,5m BullFlag,❌,,,,,,,,
2025-08-06,NRG,11.91,148.40,166.07,1m FirstPullback,❌,,,,,,,,
2025-08-06,NRG,11.91,148.40,166.07,5m FirstPullback,❌,,,,,,,,
2025-08-06,NRG,11.91,148.40,166.07,1m ABCD,✅,146.43,145.81,147.86,+1.43,19:11,,,
2025-08-06,NRG,11.91,148.40,166.07,5m ABCD,❌,,,,,,,,
2025-08-06,CC,11.22,11.76,13.08,1m Flat-Top,❌,,,,,,,,
2025-08-06,CC,11.22,11.76,13.08,1m Flat-Bottom,✅,12.51,12.57,,,16:43,,,
2025-08-06,CC,11.22,11.76,13.08,5m Flat-Top,❌,,,,,,,,
2025-08-06,CC,11.22,11.76,13.08,5m Flat-Bottom,✅,11.95,12.32,,,18:10,,,
2025-08-06,CC,11.22,11.76,13.08,1m BullFlag,✅,12.20,11.88,12.25,+0.05,18:30,,,
2025-08-06,CC,11.22,11.76,13.08,5m BullFlag,❌,,,,,,,,
2025-08-06,CC,11.22,11.76,13.08,1m FirstPullback,❌,,,,,,,,
2025-08-06,CC,11.22,11.76,13.08,5m FirstPullback,❌,,,,,,,,
2025-08-06,CC,11.22,11.76,13.08,1m ABCD,❌,,,,,,,,
2025-08-06,CC,11.22,11.76,13.08,5m ABCD,❌,,,,,,,,
2025-08-06,GDEV,10.22,13.60,14.99,1m Flat-Top,❌,,,,,,,,
2025-08-06,GDEV,10.22,13.60,14.99,1m Flat-Bottom,❌,,,,,,,,
2025-08-06,GDEV,10.22,13.60,14.99,5m Flat-Top,❌,,,,,,,,
2025-08-06,GDEV,10.22,13.60,14.99,5m Flat-Bottom,❌,,,,,,,,
2025-08-06,GDEV,10.22,13.60,14.99,1m BullFlag,❌,,,,,,,,
2025-08-06,GDEV,10.22,13.60,14.99,5m BullFlag,❌,,,,,,,,
2025-08-06,GDEV,10.22,13.60,14.99,1m FirstPullback,❌,,,,,,,,
2025-08-06,GDEV,10.22,13.60,14.99,5m FirstPullback,❌,,,,,,,,
2025-08-06,GDEV,10.22,13.60,14.99,1m ABCD,❌,,,,,,,,
2025-08-06,GDEV,10.22,13.60,14.99,5m ABCD,❌,,,,,,,,
2025-08-06,NFE,10.07,2.98,3.28,1m Flat-Top,✅,3.39,3.36,,,16:54,,,
2025-08-06,NFE,10.07,2.98,3.28,1m Flat-Bottom,✅,3.25,3.27,,,19:00,,,
2025-08-06,NFE,10.07,2.98,3.28,5m Flat-Top,✅,3.39,3.31,,,16:50,,,
2025-08-06,NFE,10.07,2.98,3.28,5m Flat-Bottom,✅,3.25,3.27,,,19:00,,,
2025-08-06,NFE,10.07,2.98,3.28,1m BullFlag,✅,3.29,3.25,3.31,+0.02,18:06,,,
2025-08-06,NFE,10.07,2.98,3.28,5m BullFlag,❌,,,,,,,,
2025-08-06,NFE,10.07,2.98,3.28,1m FirstPullback,❌,,,,,,,,
2025-08-06,NFE,10.07,2.98,3.28,5m FirstPullback,❌,,,,,,,,
2025-08-06,NFE,10.07,2.98,3.28,1m ABCD,❌,,,,,,,,
2025-08-06,NFE,10.07,2.98,3.28,5m ABCD,❌,,,,,,,,
2025-08-04,TGKB,3.98,0.01,0.01,Gap&Go,❌,,,,,,0.01,0.01,0.01
2025-08-04,TGKB,3.98,0.01,0.01,1m Flat-Top,❌,,,,,,0.01,0.01,0.01
2025-08-04,TGKB,3.98,0.01,0.01,1m Flat-Bottom,❌,,,,,,0.01,0.01,0.01
2025-08-04,TGKB,3.98,0.01,0.01,5m Flat-Top,❌,,,,,,0.01,0.01,0.01
2025-08-04,TGKB,3.98,0.01,0.01,5m Flat-Bottom,❌,,,,,,0.01,0.01,0.01
2025-08-04,TGKB,3.98,0.01,0.01,1m BullFlag,❌,,,,,,0.01,0.01,0.01
2025-08-04,TGKB,3.98,0.01,0.01,5m BullFlag,❌,,,,,,0.01,0.01,0.01
2025-08-04,TGKB,3.98,0.01,0.01,1m FirstPullback,❌,,,,,,0.01,0.01,0.01
2025-08-04,TGKB,3.98,0.01,0.01,5m FirstPullback,❌,,,,,,0.01,0.01,0.01
2025-08-04,TGKB,3.98,0.01,0.01,1m ABCD,❌,,,,,,0.01,0.01,0.01
2025-08-04,TGKB,3.98,0.01,0.01,5m ABCD,❌,,,,,,0.01,0.01,0.01
